Date,open,high,low,close
1/3/2022,734,737.5,727.8,731
1/4/2022,734.6,744.9,734,744
1/5/2022,742.5,758.5,741.7,758
1/6/2022,741.4,746.2,727.1,727.1
1/7/2022,727.4,729.4,710.8,715.8
1/10/2022,724.2,725.3,701.4,702.7
1/11/2022,718.1,721.1,704.2,710
1/12/2022,717.1,718.3,700.5,708.7
1/13/2022,702.1,704.8,685.4,690
1/14/2022,683.7,685.1,675.2,675.4
1/17/2022,677.1,687.3,668.1,686.4
1/18/2022,688.4,689,669.5,673
1/19/2022,679.1,704.7,676.6,697.7
1/20/2022,702.8,707.6,686.1,703.9
1/21/2022,691.1,701.5,688.8,697.2
1/24/2022,690.7,699.8,662.8,662.8
1/25/2022,678,679,661.7,667
1/26/2022,673.7,687.9,671.7,683.6
1/27/2022,675.4,694,668.4,694
1/28/2022,728.7,733.9,687,716.4
1/31/2022,730,731.1,704,722.6
2/1/2022,721,733.6,717.8,732.2
2/2/2022,735,738.5,727.1,729.3
2/3/2022,732,733.1,708.7,711.7
2/4/2022,709.4,713.3,699.3,706.1
2/7/2022,710,719.1,703.2,716.1
2/8/2022,716.1,723.5,703.3,706.1
2/9/2022,713,720.7,711.5,716.6
2/10/2022,716.4,717.7,697.5,706.2
2/11/2022,695,703.4,684.2,685
2/14/2022,672.8,674.5,653,670
2/15/2022,667.5,694,666.6,694
2/16/2022,700,701.6,680.3,687.6
2/17/2022,694.9,697.9,675.3,684.1
2/18/2022,679.1,694.6,676.1,686.3
2/21/2022,693.6,696.5,666.6,672.2
2/22/2022,650.4,677.8,648.6,669.2
2/23/2022,676.2,684.8,665.8,665.8
2/24/2022,631,649.5,625,635.9
2/25/2022,638.6,666.6,636.3,666.6
2/28/2022,650.7,664.8,636.6,659.9
3/1/2022,659,661.1,625.8,625.8
3/2/2022,625,646,619,638
3/3/2022,629.7,641.2,614.3,617.4
3/4/2022,605.6,609.5,577.8,577.8
3/7/2022,554,585.8,543.9,567.8
3/8/2022,555,582.9,549.9,550.1
3/9/2022,578.3,602.6,561.9,602.6
3/10/2022,600,603.5,576,587.9
3/11/2022,592.6,627.8,585.6,594.9
3/14/2022,596.9,604.5,581.6,598.7
3/15/2022,588.6,593.4,572,590
3/16/2022,605.3,642.7,602.2,628.9
3/17/2022,637.5,638.2,623,629.8
3/18/2022,634.9,641.6,621.6,639.4
3/21/2022,638,642,629.7,633.2
3/22/2022,631.1,646.4,629.6,643.9
3/23/2022,644.2,646.4,622.2,624.3
3/24/2022,633,639.2,619.6,624.7
3/25/2022,627.9,640.2,623.6,626
3/28/2022,628.1,646.6,623.9,635.7
3/29/2022,647.5,675.2,645.6,671.8
3/30/2022,669.5,669.6,655.1,660.5
3/31/2022,666.2,668.3,647.2,649.4
4/1/2022,650.2,653.9,642.1,649.6
4/4/2022,653.8,664.5,645.7,663.9
4/5/2022,666,667.5,654.3,660.9
4/6/2022,657.6,660.5,630.7,636.2
4/7/2022,641.4,645.7,623.2,624
4/8/2022,632.4,636,622,631.7
4/11/2022,625.3,627.8,616.6,619.9
4/12/2022,611.6,639.4,607.3,630.9
4/13/2022,639,643.4,614.4,634.1
4/14/2022,639,642.4,631.6,640
4/19/2022,639.9,639.9,625,634.1
4/20/2022,631,643.9,627,642.3
4/21/2022,640,658.6,636.4,653.4
4/22/2022,638,650,636,639.6
4/25/2022,627,630,608.5,615.6
4/26/2022,622.1,622.9,606.2,607.3
4/27/2022,610.1,622,603.1,616.6
4/28/2022,626,628.5,607.1,617.2
4/29/2022,621.3,632,618.1,619.5
5/2/2022,614.4,618.6,603.1,606.6
5/3/2022,613,619,596.1,600.5
5/4/2022,602,607,593.3,593.3
5/5/2022,610.7,610.7,572.4,574
5/6/2022,570.5,571.3,554.5,561.9
5/9/2022,553.4,564.1,542.4,542.6
5/10/2022,555.4,560.2,545.1,549.5
5/11/2022,558.5,573,555,573
5/12/2022,555,567.7,543.2,565.4
5/13/2022,570,581.3,564.1,581.3
5/16/2022,577.8,581.3,572,575
5/17/2022,580.7,594.4,578.6,590.1
5/18/2022,596,596,576.7,578.5
5/19/2022,571.2,572,560.1,568.5
5/20/2022,564.2,569.7,551,556.6
5/23/2022,564.4,565,549.8,560.9
5/24/2022,551.5,559.3,544.2,551.8
5/25/2022,557,557,537.5,551
5/26/2022,552.2,574.2,551.2,571.2
5/27/2022,577,594.3,576,593.4
5/30/2022,602.2,616.6,601.9,608.6
5/31/2022,605.3,608.7,595.9,597.2
6/1/2022,601.4,612.6,595.7,597.8
6/2/2022,598.5,611.3,598.5,608.1
6/3/2022,614.4,616.5,605.3,609.1
6/6/2022,613.7,620.9,613.1,613.8
6/7/2022,610,612.6,598.6,608.4
6/8/2022,614,614,597.3,601.7
6/9/2022,589.3,601.8,583.8,587.6
6/10/2022,580,584.3,571.4,572.9
6/13/2022,560,565,548.9,550
6/14/2022,555.8,555.8,540.6,544
6/15/2022,552.3,555,542.5,551.8
6/16/2022,548.1,548.4,535,539.4
6/17/2022,546.4,553.7,541.3,544.7
6/20/2022,547,550.9,537.3,542.5
6/21/2022,547,562.4,544.6,553.5
6/22/2022,547,555.4,539.3,551.7
6/23/2022,546.4,569.8,545,566
6/24/2022,571.9,589.8,568.4,587.4
6/27/2022,598,602.9,578.3,580.2
6/28/2022,588.7,596.8,578.6,589.1
6/29/2022,578.5,592.6,575,589
6/30/2022,573.5,582.1,565.7,581.7
7/1/2022,577.2,588,571.4,580
7/4/2022,586,590.5,581.8,585.3
7/5/2022,590.9,591.6,567.6,572
7/6/2022,582,600.8,580.6,597.6
7/7/2022,603.2,616.1,603.2,607.6
7/8/2022,611.9,615,601.3,606.9
7/11/2022,586,606.3,585.3,604.3
7/12/2022,600,612.6,595.4,610.7
7/13/2022,609.2,614.3,594.2,606.2
7/14/2022,602.2,610.1,599.3,606.4
7/15/2022,605.7,608.8,587.5,608.4
7/18/2022,608.6,618.9,608,614.3
7/19/2022,609,630.9,603.9,628.1
7/20/2022,633.8,635.9,623.6,625.7
7/21/2022,620,637.9,620,633.3
7/22/2022,632.8,641,628.5,634.7
7/25/2022,633.2,643.1,630.3,637.4
7/26/2022,635,637.4,621.3,625.2
7/27/2022,618,637.7,608.1,636
7/28/2022,644.1,663.3,640.9,662.9
7/29/2022,666.8,680.1,666.7,675
8/1/2022,671.9,688.3,668,688.3
8/2/2022,681.1,682.3,670.7,679
8/3/2022,675.4,685.6,674.8,685.6
8/4/2022,688,694.3,686.5,693
8/5/2022,694.4,698.8,678,682.2
8/8/2022,685.2,694.9,685.1,689.1
8/9/2022,688,691.1,678.1,679.5
8/10/2022,675.3,692.4,672.3,690
8/11/2022,695,698.1,686.3,693.6
8/12/2022,692.1,697.6,689,694.5
8/15/2022,696.5,699.5,692.4,699.5
8/16/2022,699.5,699.7,692.5,698.9
8/17/2022,699.6,707.7,697.4,700.4
8/18/2022,700,708.4,698.7,706.9
8/19/2022,700.7,708.1,695.7,698.3
8/22/2022,692,693.6,679.2,682.6
8/23/2022,676,686,675.2,679.8
8/24/2022,674.2,688.4,674,686.8
8/25/2022,691.1,693,681.6,687.7
8/26/2022,690.6,691.2,664,669
8/29/2022,655,662.9,651,662.9
8/30/2022,667,675.5,655.9,661.8
8/31/2022,664.8,666.5,647.5,647.5
9/1/2022,635.2,638,625.4,632.8
9/2/2022,638.2,646.6,629.8,644.6
9/5/2022,629.6,635.9,626,635
9/6/2022,633.2,642.2,629.1,638.1
9/7/2022,634.4,644.2,631.2,641.4
9/8/2022,644.7,645.8,630.4,643.5
9/9/2022,642.5,654.4,642.4,652.3
9/12/2022,652.5,662,649.4,658.9
9/13/2022,664,668.9,650.6,650.9
9/14/2022,645.7,656.8,645,654.2
9/15/2022,654.1,658.4,637.7,641.4
9/16/2022,634,641.8,630.1,639.5
9/19/2022,632.9,645.5,627.9,641
9/20/2022,643.9,651.4,630,634
9/21/2022,630,643.6,621.8,643.6
9/22/2022,631.4,641.3,623.5,624.9
9/23/2022,629.3,629.3,603.2,603.2
9/26/2022,601.5,621.3,601,606.8
9/27/2022,611.9,624.7,604,604.2
9/28/2022,599.1,614.2,595.7,613.2
9/29/2022,610.2,612.6,598.7,608
9/30/2022,610.9,613.5,598,610.4
10/3/2022,601,610.5,594.7,608
10/4/2022,614.1,647.5,611.1,646.8
10/5/2022,644.2,652.5,632.6,637.3
10/6/2022,641.8,643,630.3,635.1
10/7/2022,632.6,635.6,616.5,618.2
10/10/2022,607.9,617.3,600.1,610.5
10/11/2022,605.3,613.7,601.8,610.5
10/12/2022,622.6,630.3,611.1,621.9
10/13/2022,624,624,595.3,617.5
10/14/2022,628,641.5,617.2,625.2
10/17/2022,627.6,641.8,614.1,637.7
10/18/2022,646.6,646.9,632.6,636.1
10/19/2022,635.5,641,625,625
10/20/2022,626.7,636.5,622.8,634
10/21/2022,626.5,636.9,619.9,631.5
10/24/2022,629.5,644.6,623.5,635.9
10/25/2022,641,658.5,637.2,658
10/26/2022,659.4,663.6,651.1,663
10/27/2022,658,663.4,651.6,655.4
10/28/2022,650,651.1,640.3,649.3
10/31/2022,649,649.5,638.1,639
11/1/2022,652,663.8,646.5,650.8
11/2/2022,655.6,660.7,634.7,636.7
11/3/2022,632.2,632.8,623.6,630
11/4/2022,638,671.8,637.2,666.2
11/7/2022,661,665.5,653,656
11/8/2022,651.9,659.8,647.7,657.5
11/9/2022,653,661.1,652.4,658
11/10/2022,650,687.7,647.7,686.8
11/11/2022,702.8,712.5,698.8,706.2
11/14/2022,704.5,706.6,698.4,700.7
11/15/2022,701.3,710.8,699.6,704.2
11/16/2022,702.1,707.7,693.2,698.6
11/17/2022,701.4,703.5,689.7,696.8
11/18/2022,700.8,706,694.2,698.2
11/21/2022,696,702.7,690.6,699.3
11/22/2022,697,698.5,687.4,697.9
11/23/2022,702,703,695,701.9
11/24/2022,700,704,697.1,702.2
11/25/2022,702.2,702.5,693.2,700.2
11/28/2022,694.7,701.2,690.6,698.7
11/29/2022,704.7,706.9,699.8,702
11/30/2022,708,737.3,706.5,737.3
12/1/2022,736.9,737.9,717.1,721
12/2/2022,715,722.5,707.3,715.3
12/5/2022,716.4,718.5,710.1,714.5
12/6/2022,713,715.3,708.4,714.2
12/7/2022,707.6,717.5,707.2,712.8
12/8/2022,713.2,721.7,711.6,719
12/9/2022,721.9,726.8,715.4,720.3
12/12/2022,714.6,719.3,711.4,716.2
12/13/2022,717.6,739.4,714.7,726.7
12/14/2022,724.2,729.5,718.4,727.4
12/15/2022,718.8,720,691,701.6
12/16/2022,695,698.6,684.6,693.8
12/19/2022,695.5,702,686.3,687.3
12/20/2022,681,683.6,676.1,682.9
12/21/2022,687,691.7,682.7,691.5
12/22/2022,691.3,695.8,681.3,684
12/23/2022,681.5,683.2,670.1,673.8
12/27/2022,683.3,692.7,682.3,690.2
12/28/2022,692.3,694.7,685.8,686.6
12/29/2022,684.7,699,682.2,696.5
12/30/2022,696.6,696.6,676.6,679.9
1/2/2023,689.4,695,685.1,694.1
1/3/2023,691.5,711.3,691.3,702.8
1/4/2023,714.9,738,710.9,738
1/5/2023,729,734.7,722.1,728.4
1/6/2023,734,748.8,728.8,748.8
1/9/2023,748,761.6,746.1,759.6
1/10/2023,748.7,758.4,747.2,756.3
1/11/2023,764.6,775.3,759.5,772.3
1/12/2023,769.2,787.9,768.9,773.7
1/13/2023,780.6,787.6,772.8,785.3
1/16/2023,788.2,793.8,782,792.7
1/17/2023,789.3,803.3,787,797.4
1/18/2023,789.7,805.8,787.2,801.9
1/19/2023,798.7,799.6,774.7,776.6
1/20/2023,783,789.8,775,782.8
1/23/2023,786.8,791.1,776.6,788.1
1/24/2023,790.3,795.3,786.1,794.8
1/25/2023,793.5,799.7,787.1,792.3
1/26/2023,797.1,804.2,794.5,801.6
1/27/2023,785.6,808.2,783.7,801
1/30/2023,791.8,799.7,786.7,798.8
1/31/2023,797.4,802.6,792.6,800
2/1/2023,800,802.1,792.2,795.5
2/2/2023,798.3,812.8,795.3,809.1
2/3/2023,807,830.5,804.5,829.4
2/6/2023,820.2,825.7,807.4,814.2
2/7/2023,812.6,814,800.7,807.4
2/8/2023,814.3,818.1,798.5,800.1
2/9/2023,807.7,813.8,806.9,809.2
2/10/2023,804.7,808,790.8,797.6
2/13/2023,800.5,812.9,798,810.3
2/14/2023,811.3,817.6,804.5,810.5
2/15/2023,809.3,830,807.6,822.6
2/16/2023,821.8,829.2,818.1,823.3
2/17/2023,814.2,823.6,804.6,818.4
2/20/2023,820.5,820.5,810.1,813.6
2/21/2023,808.6,812.3,798.5,808.9
2/22/2023,801.4,812.1,793.9,809.5
2/23/2023,809.7,814.3,806.6,809
2/24/2023,811.4,812.7,777.3,777.3
2/27/2023,788.3,800.2,787.6,794.8
2/28/2023,790,795.8,787.4,789
3/1/2023,803.3,810.5,790.9,792.2
3/2/2023,785.3,805.9,780.9,804.3
3/3/2023,808.6,817.1,804.4,815.1
3/6/2023,826,830.7,820.8,825
3/7/2023,816.7,826.4,815.7,816.1
3/8/2023,805,818.3,804.4,810.4
3/9/2023,809,811,802.6,805.2
3/10/2023,790,807.3,785,802.6
3/13/2023,803.7,805.8,775.5,781.7
3/14/2023,785.3,804.5,782.3,800.5
3/15/2023,797.6,800.4,767.6,774.7
3/16/2023,785.3,809.3,776.7,801.7
3/17/2023,805,808,784.5,787.3
3/20/2023,790.2,810.5,780.7,804.5
3/21/2023,810.7,815.6,803.3,806.7
3/22/2023,804.7,816.8,802.4,814.9
3/23/2023,811.8,821,809.1,820.8
3/24/2023,818,820.6,809.7,813.4
3/27/2023,819.4,821.8,813.1,817
3/28/2023,824.3,831,813.4,814.2
3/29/2023,820.9,830,820.5,822
3/30/2023,827,835.2,821.6,827
3/31/2023,828.9,848.2,828.2,844.4
4/3/2023,840.9,845.2,839.9,844.1
4/4/2023,846,852,840.4,851
4/5/2023,850,855.2,842.2,844.6
4/6/2023,841.6,842.8,826.7,829.1
4/11/2023,837,848,831.4,840.7
4/12/2023,846,846.8,832,836.6
4/13/2023,866,884.5,861.7,883.9
4/14/2023,890.8,894.9,886.6,892.8
4/17/2023,893.5,894.7,869.9,873.6
4/18/2023,870.3,887.1,869.6,877.5
4/19/2023,877,889.5,875.5,885
4/20/2023,880.5,897,880.5,896.5
4/21/2023,890.3,901.1,888.8,901.1
4/24/2023,892.1,904.6,891.6,902
4/25/2023,890,893.9,884.1,889.4
4/26/2023,883.8,883.8,865.7,875.4
4/27/2023,874.5,890.4,872.1,877.1
4/28/2023,878.1,881.3,861.9,871
5/2/2023,874.1,877.6,865.2,868.7
5/3/2023,870,886.5,870,879.2
5/4/2023,877.2,879.6,870.1,873.7
5/5/2023,879.4,880.6,868.4,876.9
5/8/2023,880,887.2,877.8,884.5
5/9/2023,885.1,886.6,873.8,880.4
5/10/2023,878,880.7,869.1,872.3
5/11/2023,873.5,890.3,873.4,887.6
5/12/2023,894.5,902.9,879.2,885.4
5/15/2023,888,894.3,877.1,881.1
5/16/2023,877,878.2,872.7,876
5/17/2023,873.6,877.5,866.4,874.4
5/18/2023,876,880,868.4,872.5
5/19/2023,875.4,881.7,874.3,874.3
5/22/2023,879.1,882.2,877,878.2
5/23/2023,872.8,874.7,834,834.2
5/24/2023,825,825,813.5,817.1
5/25/2023,819.8,826.5,812.1,823.4
5/26/2023,827.9,847.3,826.5,843.5
5/29/2023,849,851.3,839.4,840
5/30/2023,841.7,848.7,835,836
5/31/2023,818.3,828.5,807.6,813.9
6/1/2023,819.8,822.6,800.4,805.8
6/2/2023,816,836,814.8,830.9
6/5/2023,827.9,830.8,813.5,814
6/6/2023,815.3,818.5,809.3,812.3
6/7/2023,810.2,817.5,807,812.7
6/8/2023,806.2,821.8,804.7,818
6/9/2023,820.7,823.3,814.1,820
6/12/2023,829.5,839.4,827.9,834.8
6/13/2023,844.5,850.1,834.5,841.9
6/14/2023,845.4,853.4,845,850
6/15/2023,849.1,851.7,838.6,843.7
6/16/2023,848.5,872.4,845.5,868.6
6/19/2023,863.4,865.3,852.2,853.4
6/20/2023,849.2,854.5,843.8,846
6/21/2023,842.4,847,833.7,838.3
6/22/2023,832.9,839.8,823.9,839.2
6/23/2023,836.5,838.1,825,830.1
6/26/2023,837.1,839.3,826.9,835
6/27/2023,839,848.3,833.2,839.6
6/28/2023,843.7,850.8,841.1,849.7
6/29/2023,850,864.9,848,855
6/30/2023,855.1,864.7,850.8,863
7/3/2023,862.5,862.9,847.7,854.9
7/4/2023,856.7,863.4,853.8,856.7
7/5/2023,848.9,854.9,845.1,847.5
7/6/2023,838,838.5,814.4,816
7/7/2023,820,832.5,814.6,825.4
7/10/2023,821.9,833.3,819.7,830.9
7/11/2023,840,853,837,849.3
7/12/2023,852.7,867.8,848.5,866.7
7/13/2023,874.3,884.5,869.8,877.3
7/14/2023,872.4,892.7,871.2,892.3
7/17/2023,865.6,869.5,848.1,859
7/18/2023,860.4,869.4,851,859.3
7/19/2023,870.1,871.3,846.1,850.4
7/20/2023,845.5,854.8,840.4,854
7/21/2023,856.1,867.9,852,867.9
7/24/2023,861,865.4,847,857.6
7/25/2023,864.4,870,853.3,854
7/26/2023,821,826.4,804.5,810
7/27/2023,820,842.2,816.9,840.3
7/28/2023,838,845,824.1,841.2
7/31/2023,840.8,852,838,848.1
8/1/2023,845,846.3,828.3,829
8/2/2023,813,828.7,810.6,813.5
8/3/2023,805,817.6,804,811.2
8/4/2023,816,818.4,807.3,816
8/7/2023,815.7,823,810.5,817.4
8/8/2023,814.2,817.6,803.7,807.2
8/9/2023,818,820.6,806.5,807
8/10/2023,815.2,839.4,813.4,834.7
8/11/2023,825.9,831.8,816.8,820.4
8/14/2023,817.3,823.1,811.4,816.2
8/15/2023,816.1,816.5,801,804.1
8/16/2023,802.8,810.6,801.5,802.9
8/17/2023,800,803.3,780.4,785.1
8/18/2023,784,784,764.3,776.9
8/21/2023,777.2,792.3,774.8,783.9
8/22/2023,788.7,797.7,785.9,790.2
8/23/2023,792.8,796.6,785.8,790.4
8/24/2023,798.9,803.7,782.5,783.7
8/25/2023,780,793.7,779.2,785.3
8/28/2023,795.3,801.3,787.1,798.5
8/29/2023,803,810,795.2,810
8/30/2023,815,815,796.4,804
8/31/2023,805,805,782.2,782.2
9/1/2023,781.5,790.2,772,775.8
9/4/2023,781,786.4,771.9,772.6
9/5/2023,767,768.7,755.1,759.1
9/6/2023,757.3,757.5,723.6,731.5
9/7/2023,731.3,737.9,722.1,724.1
9/8/2023,731.3,744.8,723,740
9/11/2023,742.7,747,738,742.2
9/12/2023,749,749,731.2,734.4
9/13/2023,731,737.1,726.6,729.6
9/14/2023,722,748.8,720.3,742.6
9/15/2023,759.4,772.4,757.4,761.2
9/18/2023,756,756,740.6,742.5
9/19/2023,738.2,745.6,731,736.8
9/20/2023,731.3,740.4,728.3,736.7
9/21/2023,726.3,738,723.2,729.3
9/22/2023,728.2,736.8,723.4,732.3
9/25/2023,728.2,732.7,709,713.3
9/26/2023,705,705.8,696.8,703
9/27/2023,704,708,697.3,698.7
9/28/2023,695,708.3,693.3,706
9/29/2023,722,732.6,716.4,716.4
10/2/2023,721,729.9,709.4,714.9
10/3/2023,709,718.7,705.1,705.3
10/4/2023,702.4,721.9,700.8,712.5
10/5/2023,715.6,723.3,713.3,720.6
10/6/2023,726,731.3,715.8,729.7
10/9/2023,724.9,724.9,707.7,710.7
10/10/2023,723,734.5,717.8,733.5
10/11/2023,691,699.2,671.5,686.1
10/12/2023,689.8,690.3,673.3,675
10/13/2023,675,679.7,658.3,660.6
10/16/2023,666.9,672.8,657.7,667.1
10/17/2023,668.9,672.4,655.3,668.4
10/18/2023,671.6,677.8,665.9,667.7
10/19/2023,662,676.3,660.5,670.6
10/20/2023,660.6,670.4,659.3,664
10/23/2023,665,669.8,655,669.4
10/24/2023,676.6,683.5,670,681
10/25/2023,677,680.2,669,679.1
10/26/2023,674,674.1,664.9,668.4
10/27/2023,666.5,671.4,660.1,661.4
10/30/2023,668.8,676.8,663.4,671
10/31/2023,672,683.4,669.5,674.5
11/1/2023,678.5,679.7,668,675.3
11/2/2023,686.1,707.3,683.5,701.1
11/3/2023,706,711.5,700.3,702.8
11/6/2023,708,708.7,693.1,697.2
11/7/2023,695,699.9,691.3,697.5
11/8/2023,697.9,710.2,684.3,703.5
11/9/2023,705,718.2,702.3,714.4
11/10/2023,702,704.9,680.7,687.1
11/13/2023,693,693.1,683,688.5
11/14/2023,688.5,710.5,685.4,706.9
11/15/2023,713,726.6,712.4,719
11/16/2023,712,712.8,699.2,706.1
11/17/2023,707.3,715.5,705,711.6
11/20/2023,712.8,720.8,712.1,717.7
11/21/2023,708.3,711,702.7,704.1
11/22/2023,706.8,714.1,702.9,712.3
11/23/2023,714.7,714.7,707,711.6
11/24/2023,710.7,711.1,704.7,706.9
11/27/2023,708.1,710.2,696.4,697.3
11/28/2023,683,687,676.2,684.5
11/29/2023,684.6,696.9,682.5,690.5
11/30/2023,693.3,703.1,682.2,702.7
12/1/2023,690,705.1,689.2,699.2
12/4/2023,695.6,703.9,692.2,698.7
12/5/2023,698.7,715,697.7,713.2
12/6/2023,712.5,720.6,709.3,718.6
12/7/2023,714.6,716.7,710.5,715.6
12/8/2023,716.4,745.5,716.4,739.1
12/11/2023,739.1,744.9,736.2,740
12/12/2023,742.3,746.7,733,733.6
12/13/2023,720,742.2,720,734.5
12/14/2023,750,754.8,741.2,746.8
12/15/2023,749.8,755.3,745.6,748.4
12/18/2023,742.5,743.3,734,741.8
12/19/2023,741.3,746.6,731.4,745.5
12/20/2023,747.4,752,740.6,746.9
12/21/2023,741,744.3,735.5,743.4
12/22/2023,735.3,742.2,733.4,737.7
12/27/2023,738.5,743.6,733.7,735.4
12/28/2023,736.9,739.7,728.6,731
12/29/2023,733,738.3,732.2,733.6
1/2/2024,740,740.5,718.7,723
1/3/2024,718,720.4,692.8,695.4
1/4/2024,693.5,701,693.4,697.8
1/5/2024,690.7,694.1,680.6,688.9
1/8/2024,687.5,691.3,679.1,691.3
1/9/2024,691.3,695.5,679.8,680.7
1/10/2024,683.9,688.5,680.8,683
1/11/2024,688.9,690,672,672.2
1/12/2024,660,669.9,647.6,669.9
1/15/2024,671.9,676,665.9,669.2
1/16/2024,664.2,667,661.1,666.3
1/17/2024,656.4,658.7,644,647.4
1/18/2024,670,673.7,655.8,663.4
1/19/2024,668.2,669.1,653.5,659.4
1/22/2024,667,670.3,659,662.9
1/23/2024,670,671.7,664.5,670.4
1/24/2024,669.6,689.4,669.5,683.4
1/25/2024,685,689,677,685.3
1/26/2024,732,779.9,728.8,773.1
1/29/2024,769.5,779.6,767.8,776.3
1/30/2024,778.1,785.8,774.4,782
1/31/2024,780,781.4,770.1,773.6
2/1/2024,768.2,775.4,765.2,770.6
2/2/2024,772.5,783.1,772.5,778.1
2/5/2024,776.7,780.7,774.3,780.7
2/6/2024,780.5,784.6,771.2,779.5
2/7/2024,783.4,789.3,780.4,784.1
2/8/2024,786.2,806,783.2,804.5
2/9/2024,809,811.6,798.4,807.5
2/12/2024,809,821.9,808.8,821.9
2/13/2024,820.1,824.7,798.4,800.8
2/14/2024,791.7,804.3,784,802.6
2/15/2024,813.4,816.6,809.9,815.6
2/16/2024,818,830.3,815.7,815.8
2/19/2024,807.6,823.6,804,821.9
2/20/2024,816.9,824.5,813.6,820.2
2/21/2024,825,828,818.9,821.6
2/22/2024,826.3,840.4,821.5,840.4
2/23/2024,841.2,850.1,840,850.1
2/26/2024,841.9,846.8,839.2,842.2
2/27/2024,842.3,850.4,840.7,850.4
2/28/2024,848.6,850.4,842.2,847.7
2/29/2024,858,858.9,840,842.8
3/1/2024,838,850.2,837.5,846.4
3/4/2024,842.4,843,832.9,839.8
3/5/2024,837,838.1,825.4,829.1
3/6/2024,826.4,838.2,823,832.6
3/7/2024,827.2,843.7,820.8,839.8
3/8/2024,840,850.5,838.3,844.9
3/11/2024,838.8,850.4,838,850.4
3/12/2024,851.4,859,837.5,859
3/13/2024,853.3,869.6,851.6,867.2
3/14/2024,873.1,886.4,872.1,872.8
3/15/2024,867.2,873.8,860.8,862.3
3/18/2024,862.9,865,854.9,858.1
3/19/2024,852,860.2,844.6,860.2
3/20/2024,834,851.6,828.9,846.2
3/21/2024,856.1,857.9,840.7,847.9
3/22/2024,838.9,839.7,822.3,828.6
3/25/2024,825.2,826.8,812.8,825.5
3/26/2024,835,835,817.8,821.8
3/27/2024,821.9,830.3,816.6,830.3
3/28/2024,831.5,843,831.5,833.7
4/2/2024,833.1,843.1,818.6,821.8
4/3/2024,820.1,826.5,816,816
4/4/2024,816,822.1,810.4,819.4
4/5/2024,803.1,807.5,797.7,799.8
4/8/2024,795.7,808.2,793.9,807.3
4/9/2024,803.1,804.3,792,795.2
4/10/2024,803.2,803.9,782.4,793
4/11/2024,788.8,798.2,784.9,790.5
4/12/2024,797.2,801.7,775.3,781.2
4/15/2024,786.2,804.8,782,794.8
4/16/2024,783.4,795,780.1,781.8
4/17/2024,806.3,823.6,794.9,804
4/18/2024,804.1,808.8,792.6,796.8
4/19/2024,790.4,799.1,785,796.6
4/22/2024,802,805.7,792.5,796.8
4/23/2024,795,799.6,793.5,799.6
4/24/2024,794.5,810.8,792.5,800.2
4/25/2024,804.8,805.7,770.2,778
4/26/2024,789,797.7,784,792.2
4/29/2024,794.5,795,775.5,779.2
4/30/2024,779.9,781.6,772,774.4
5/2/2024,780,780.5,765,767
5/3/2024,773,791.5,770.5,782
5/6/2024,784.7,787,776.9,781.7
5/7/2024,787.8,790.8,777.8,789.4
5/8/2024,790,795.7,786,787.9
5/9/2024,785,789,778.1,789
5/10/2024,795.1,796.4,787,788.4
5/13/2024,792.6,793.1,782.1,782.6
5/14/2024,783.6,791.9,780.1,791.9
5/15/2024,790.7,790.7,773.1,789
5/16/2024,785.6,788.6,782.6,786
5/17/2024,782,790.6,779.2,783.2
5/20/2024,783.5,785.8,777.7,779.1
5/21/2024,777.7,778.8,767.7,768.1
5/22/2024,765.2,767,749.6,751.9
5/23/2024,751.8,755.8,749.7,752.8
5/24/2024,748,757.8,746.7,750
5/27/2024,750.3,756.2,748.5,756.2
5/28/2024,756.4,758.7,743.3,745.4
5/29/2024,742.8,744.1,724.2,724.2
5/30/2024,724.1,734.8,723.7,734.4
5/31/2024,734.2,738.8,731.7,734.9
6/3/2024,742.5,745,734.9,738
6/4/2024,740,744.5,735,735
6/5/2024,741.7,755,735.3,752.6
6/6/2024,758.1,767.4,756.5,762.7
6/7/2024,766.2,767.6,753.3,762.5
6/10/2024,750.6,753.1,738.1,746.3
6/11/2024,749.8,751.1,731.2,736.6
6/12/2024,737.4,743.8,732.2,735.4
6/13/2024,735.9,740.4,728,731.5
6/14/2024,726,729.7,707.6,711.4
6/17/2024,713.8,717.4,701,717.4
6/18/2024,723.7,726.7,707.9,710.1
6/19/2024,707,711.4,703.3,707
6/20/2024,707.7,715.8,706.2,713.6
6/21/2024,712.7,719.5,710.4,717.3
6/24/2024,718,730.2,716.7,726.5
6/25/2024,722.1,737.8,721.1,736.8
6/26/2024,738.6,741.8,720.3,727
6/27/2024,726.6,735.6,714.6,715.5
6/28/2024,714.4,717.8,709.4,713.6
7/1/2024,730.2,732.4,711.4,712
7/2/2024,711.9,714.7,703.1,709.6
7/3/2024,714,725.6,712.4,714.8
7/4/2024,719.8,722.3,717.4,719.8
7/5/2024,723.9,726,712.6,716.4
7/8/2024,711,719.3,695.7,695.7
7/9/2024,697,698.3,685.6,686.9
7/10/2024,688.5,700.1,685.4,697.6
7/11/2024,705.3,712.5,702,710
7/12/2024,714.2,728.9,713.8,724.8
7/15/2024,718.7,721.1,700.8,705.6
7/16/2024,702.1,703.7,692,692.1
7/17/2024,693.4,697.1,685,690.2
7/18/2024,698.6,699.7,690.3,690.3
7/19/2024,690,693.7,678,679.8
7/22/2024,685.3,696,684.8,692.1
7/23/2024,691.4,702.4,686.7,691.6
7/24/2024,661.2,672.7,646.5,659.4
7/25/2024,657,658.6,648.9,652.6
7/26/2024,650.6,666.3,650.2,663.1
7/29/2024,665.6,666.4,650.8,654.7
7/30/2024,656.6,661.9,650.8,652.4
7/31/2024,661,661.4,650.1,653
8/1/2024,647.7,649,639.5,642
8/2/2024,637.5,640.7,627.3,630.5
8/5/2024,621,626.5,611.5,624.3
8/6/2024,624,625.7,615.2,621.9
8/7/2024,627.4,635,621.1,631.4
8/8/2024,627.5,634,621.3,633.3
8/9/2024,635.2,642.3,632.4,636
8/12/2024,640,641.5,634.2,635.1
8/13/2024,639,640.5,625.6,634.2
8/14/2024,641.6,646.1,638.3,644.2
8/15/2024,644.3,659.4,641.1,656
8/16/2024,658.8,662,654.4,658.1
8/19/2024,660.9,676.3,660.1,674.5
8/20/2024,675.9,680,674.9,677.8
8/21/2024,675,681.5,675,678.8
8/22/2024,680.9,685.6,678,678
8/23/2024,678,681.4,673.4,681.1
8/26/2024,681.5,686,680.9,682
8/27/2024,683.9,686.4,668.3,669.8
8/28/2024,672.8,674.1,665.8,666.2
8/29/2024,667.8,677.6,667,677.4
8/30/2024,678.7,688,674.3,674.3
9/2/2024,670.9,673.4,662.2,673.2
9/3/2024,677.5,681.5,670,670.9
9/4/2024,652.6,659.8,641.3,642.6
9/5/2024,640.8,640.9,617.4,619.2
9/6/2024,619,622.2,612,612
9/9/2024,612,620.2,608.5,616.2
9/10/2024,614,620.8,610.6,612.4
9/11/2024,612.4,619.3,602.4,607
9/12/2024,616.7,617.5,603,606.8
9/13/2024,606,614.9,606,608.1
9/16/2024,608.3,613.5,603.2,603.6
9/17/2024,608.2,611.9,603.5,607.7
9/18/2024,608.9,609.5,595.9,595.9
9/19/2024,611,618.4,607.3,614
9/20/2024,606,606.9,591.9,591.9
9/23/2024,590,595.1,582.1,595.1
9/24/2024,616.9,623.3,609.9,614.1
9/25/2024,614,620.9,611.1,617.5
9/26/2024,646,678.5,643.5,678.5
9/27/2024,700,703.4,682.5,703.4
9/30/2024,699.4,707.8,687.6,688.5
10/1/2024,680,686.1,660.4,664
10/2/2024,669,676.1,661.3,668.4
10/3/2024,665.4,665.5,654.2,661
10/4/2024,658.3,669.2,656.3,661.9
10/7/2024,666,681.9,664.3,679.8
10/8/2024,639.3,659.8,633.4,655.5
10/9/2024,658.7,660.9,648.4,656.4
10/10/2024,656.4,659.3,651,655
10/11/2024,650,654.8,646.1,653.1
10/14/2024,651.6,652.2,632.3,637.8
10/15/2024,637.7,639,621.7,625.4
10/16/2024,587.9,610.5,578.8,602.4
10/17/2024,605.3,613.6,598.5,609.4
10/18/2024,615.2,630.8,615.2,623.2
10/21/2024,620.8,625.7,609.7,611
10/22/2024,612.4,619.7,609.3,616
10/23/2024,611.3,617.8,609.2,613.6
10/24/2024,613.2,635.6,613.2,628.7
10/25/2024,626.6,628.8,621.5,627
10/28/2024,632.4,639.5,628.2,632.1
10/29/2024,631.5,644.5,630,630.9
10/30/2024,624.1,625.9,608.6,618.1
10/31/2024,615,617.3,605.3,609.8
11/1/2024,610.7,614.1,608.4,611
11/4/2024,611,618.8,606.3,606.7
11/5/2024,610.6,610.8,599.3,602.6
11/6/2024,605.5,627.4,597.2,603.1
11/7/2024,601.7,623.6,599,619
11/8/2024,621.5,621.8,595.4,598.4
11/11/2024,601,606.7,597.6,599.5
11/12/2024,585.3,591.3,565.7,572.4
11/13/2024,571.9,578.4,569.9,574
11/14/2024,572,587.2,565.4,584.4
11/15/2024,581,591.5,579.7,586.3
11/18/2024,589.4,590.2,582.2,588.6
11/19/2024,588.4,591.5,569.2,577.3
11/20/2024,582.5,585.5,575.4,575.4
11/21/2024,570.2,576.2,566.9,574.9
11/22/2024,579.7,585.1,570.7,583
11/25/2024,593,600.1,590.3,592.5
11/26/2024,589.3,607.7,581.3,596
11/27/2024,591.7,595.2,586.7,590.1
11/28/2024,589.6,592.9,586,586.5
11/29/2024,584.9,593.1,583.4,592.5
12/2/2024,585.1,608.8,582.2,606.1
12/3/2024,610,620.2,605.4,609.2
12/4/2024,610.1,614.5,606.8,610.2
12/5/2024,606,614,604.7,609.2
12/6/2024,609.1,634.3,608.5,630.4
12/9/2024,640,658.8,640,652.6
12/10/2024,642,645.2,634.65,636
12/11/2024,631,645.8,628.6,643.8
12/12/2024,652.6,655,636.8,646
12/13/2024,642.9,648.6,636.2,639
12/16/2024,630.9,638.1,627.4,631.2
12/17/2024,627,640.5,625.7,635.6
12/18/2024,636.9,639.6,631.3,636.5
12/19/2024,624.4,633,623.8,627.5
12/20/2024,625.7,632.7,617.1,628.1
12/23/2024,626.3,629.5,623.5,629.2
12/24/2024,630.5,633.2,629.9,630.8
12/27/2024,630.6,638,630,635.6
12/30/2024,632.3,636.1,628,629.3
12/31/2024,625.6,637.7,623.1,635.5
1/2/2025,637.9,639.4,619.3,635.4
1/3/2025,635,635.8,609.6,611.3
1/6/2025,614.7,643.9,613.3,634.6
1/7/2025,636.3,646.2,632.4,644.5
1/8/2025,643.7,645,630.3,635.7
1/9/2025,630.3,649.1,629.7,648
1/10/2025,645.1,655,642.4,645
1/13/2025,642,648.6,638.6,646.4
1/14/2025,657.7,662.4,651,651
1/15/2025,648.4,653.4,637.2,637.2
1/16/2025,690,700.7,678,695.5
1/17/2025,691.1,699.5,685.6,690.1
1/20/2025,690,696.2,680.9,683.1
1/21/2025,684,701.3,683.1,701.3
1/22/2025,700,714.3,697.8,713.8
1/23/2025,715.1,721.4,708.9,720.6
1/24/2025,750,750,725.2,734.1
1/27/2025,735.2,754.8,728.6,754.8
1/28/2025,749.3,762.7,746.3,750.6
1/29/2025,720.5,722.2,700,713.2
1/30/2025,718.4,718.9,710.8,715.8
1/31/2025,716.9,718,698.8,703.5
2/3/2025,685.1,693.8,683.3,690.1
2/4/2025,692.3,695.3,682.9,692.7
2/5/2025,688,691.7,680,686
2/6/2025,684.8,699.4,679,696.9
2/7/2025,695,696,682.8,684.2
2/10/2025,684.4,687.1,678.8,685.3
2/11/2025,681.9,687.3,677.8,685.2
2/12/2025,687.9,691.1,672,687.8
2/13/2025,698.8,708.8,694.5,707.2
2/14/2025,720,723,711.1,713
2/17/2025,708,710.3,698.3,701.5
2/18/2025,705.2,707.6,699.2,705.1
2/19/2025,702.9,703.8,688.5,690.9
2/20/2025,685.6,699.6,685.5,695.5
2/21/2025,695.5,707.1,695.5,702.4
2/24/2025,701.4,701.9,688.5,692.1
2/25/2025,689.1,690.5,683.2,684.2
2/26/2025,694,706.9,692.6,700.3
2/27/2025,689,697.9,686,693.1
2/28/2025,683.5,694.9,680.2,694.9
3/3/2025,691.2,700.9,685,690.8
3/4/2025,680.9,682.9,662.1,667.4
3/5/2025,680.3,681.4,664.3,664.3
3/6/2025,669.8,669.8,646.3,653
3/7/2025,647.7,647.8,628.6,634.7
3/10/2025,636.2,640,624.7,630.3
3/11/2025,635.8,635.8,616.5,620.8
3/12/2025,624.5,625.4,605.6,611.8
3/13/2025,606,616.8,598.6,605
3/14/2025,604,619.4,600.1,605.1
3/17/2025,605.4,611.2,600,609.7
3/18/2025,612.6,616.2,608.2,610
3/19/2025,607.9,614.8,605.2,610.6
3/20/2025,605.6,611.2,601.1,604.5
3/21/2025,600.9,602.5,593.5,602.5
3/24/2025,605.7,609.4,595.7,596.3
3/25/2025,598,605.5,596.2,598.3
3/26/2025,599.2,600.1,591.8,594.5
3/27/2025,590.5,594.4,586.2,589.1
3/28/2025,584.7,590,580.8,587.1
3/31/2025,580,582,567.9,571.7
4/1/2025,579.1,579.3,572.1,575.1
4/2/2025,572.7,578,571.3,575.2
4/3/2025,561.7,563,541.3,542.9
4/4/2025,544.2,547.9,521.7,530
4/7/2025,500,539.6,482.55,507.6
4/8/2025,517.4,526.8,501.3,519.8
4/9/2025,496.7,510.6,494.15,498.4
4/10/2025,547.4,548,520.4,524.2
4/11/2025,528.2,532,512.8,524.4
4/14/2025,535,536,524.6,530.1
4/15/2025,501,502.4,484.75,488.65
4/16/2025,483,489,479.3,485.2
4/17/2025,482.1,493.3,480.95,485.6
4/22/2025,489.45,489.8,471.25,487.3
4/23/2025,492.35,515.1,491.85,500.3
4/24/2025,490.25,501.8,486.05,499.7
4/25/2025,504,506.5,497.25,498.8
4/28/2025,502.3,507.1,501.1,502
4/29/2025,499.7,503.2,489.3,489.3
4/30/2025,490.9,493.35,483.2,487.9
5/2/2025,496.2,497.8,485.95,495.85
5/5/2025,496.8,497.9,490.55,492.25
5/6/2025,492,492.95,484.4,489.1
5/7/2025,489.1,491,482,483.5
5/8/2025,485.8,496.7,482.35,487.3
5/9/2025,492.4,498.25,491.45,495.75
5/12/2025,509,536.4,508.3,530.5
5/13/2025,532,541.1,530.2,536.9
5/14/2025,537.9,537.9,521.2,525.2
5/15/2025,518.9,521,505.8,507.3
5/16/2025,506.6,510.7,499.25,503.9
5/19/2025,501.5,505.5,491.45,498.6
5/20/2025,499,505.6,492.8,504.9
5/21/2025,498.4,502.1,490.3,493.65
5/22/2025,486.15,491.95,477.6,485.1
5/23/2025,486.8,489.85,466.8,479
5/26/2025,487.05,488.7,480.25,483.45
5/27/2025,475.75,485,475.4,481.9
5/28/2025,485,486.1,481.7,483.65
5/29/2025,495.1,497.65,479.2,481.25
5/30/2025,481.1,483.5,477.15,478.25
6/2/2025,471.85,478.9,467.35,477.2
6/3/2025,475.8,477.75,466,473.6
6/4/2025,475,479.3,470.9,476.65
6/5/2025,481.15,483.95,467.7,470.1
6/6/2025,468,474.15,467.7,471.25
6/9/2025,471,477.35,470.45,471.55
6/10/2025,466.75,475.4,466.15,474.85
6/11/2025,476.85,482.75,470.5,470.6
6/12/2025,468,472.3,462.95,468.85
6/13/2025,460,463.25,457.25,461.4
6/16/2025,461.3,469.6,461.3,467.35
6/17/2025,461.4,467.25,459.15,460.7
6/18/2025,459.8,466.2,459.6,464.05
6/19/2025,456,459.8,450.55,452.55
6/20/2025,454.75,457,448.7,449.95
6/23/2025,445.7,451.3,444.02,449.8
6/24/2025,465.1,467.2,450,453.55
6/25/2025,453.65,456,443.85,444.8
6/26/2025,445.3,449.8,436.55,437.55
6/27/2025,441.1,449.3,440.3,449.3
6/30/2025,449.95,452.95,444.6,444.6
7/1/2025,446.5,469.05,446.5,469.05
7/2/2025,474.2,492.65,466.15,488.5
7/3/2025,495,495.25,485.05,485.9
7/4/2025,482.7,483.6,474.9,477.35
7/7/2025,478,479.15,470.6,475.35
7/8/2025,474.75,484.9,472.85,482.65
7/9/2025,483.35,484.75,479.7,483.15
